timestamp_ms,angle_deg,distance_mm,quality,true_distance_mm,residual_mm
31987,358.33,605.7,15,600.0,5.7
31987,359.55,606.0,15,600.0,6.0
31988,0.97,606.5,15,600.0,6.5
32127,359.27,605.5,15,600.0,5.5
32128,0.48,605.7,15,600.0,5.7
32128,1.78,607.0,15,600.0,7.0
32268,358.47,605.7,15,600.0,5.7
32268,359.89,605.7,15,600.0,5.7
32269,1.06,605.7,15,600.0,5.7
32408,358.31,605.7,15,600.0,5.7
32408,359.59,606.2,15,600.0,6.2
32409,0.98,606.5,15,600.0,6.5
32549,359.45,605.7,15,600.0,5.7
32550,0.78,606.2,15,600.0,6.2
32690,358.91,606.2,15,600.0,6.2
32690,0.2,606.2,15,600.0,6.2
32691,1.69,606.2,15,600.0,6.2
32831,358.67,605.7,15,600.0,5.7
32831,359.95,606.0,15,600.0,6.0
32832,1.22,607.0,15,600.0,7.0
32972,358.37,606.0,15,600.0,6.0
32972,359.62,606.2,15,600.0,6.2
32973,1.0,606.5,15,600.0,6.5
33112,358.66,605.7,15,600.0,5.7
33113,359.94,606.0,15,600.0,6.0
33113,1.41,607.0,15,600.0,7.0
33253,359.39,605.7,15,600.0,5.7
33254,0.67,606.2,15,600.0,6.2
33254,1.86,607.0,15,600.0,7.0
33393,358.62,605.7,15,600.0,5.7
33394,359.83,605.7,15,600.0,5.7
33394,1.06,605.7,15,600.0,5.7
33534,359.25,605.5,15,600.0,5.5
33535,0.52,605.7,15,600.0,5.7
33535,1.83,606.7,15,600.0,6.7
33675,359.23,605.7,15,600.0,5.7
33675,0.75,606.2,15,600.0,6.2
33815,358.2,605.7,15,600.0,5.7
33816,359.45,606.2,15,600.0,6.2
33816,0.89,607.0,15,600.0,7.0
33956,358.7,605.7,15,600.0,5.7
33956,0.05,605.7,15,600.0,5.7
33957,1.22,606.5,15,600.0,6.5
34097,358.92,606.0,15,600.0,6.0
34097,0.08,606.0,15,600.0,6.0
34098,1.39,606.5,15,600.0,6.5
34237,359.3,605.5,15,600.0,5.5
34238,0.45,605.7,15,600.0,5.7
34238,1.92,607.0,15,600.0,7.0
34378,358.92,606.2,15,600.0,6.2
34379,0.19,606.2,15,600.0,6.2
34379,1.42,606.5,15,600.0,6.5
34519,358.69,605.7,15,600.0,5.7
34519,359.94,606.0,15,600.0,6.0
34520,1.37,606.7,15,600.0,6.7
34660,358.3,605.7,15,600.0,5.7
34660,359.67,606.2,15,600.0,6.2
34661,0.88,606.7,15,600.0,6.7
34801,359.16,605.7,15,600.0,5.7
34802,0.62,606.2,15,600.0,6.2
34802,1.78,607.0,15,600.0,7.0
34941,358.06,605.7,15,600.0,5.7
34942,359.25,605.7,15,600.0,5.7
34942,0.59,606.2,15,600.0,6.2
34943,1.89,606.7,15,600.0,6.7
35082,358.47,606.0,15,600.0,6.0
35083,359.69,606.2,15,600.0,6.2
35083,1.0,606.5,15,600.0,6.5
35223,358.86,606.0,15,600.0,6.0
35223,0.02,606.0,15,600.0,6.0
35224,1.34,606.7,15,600.0,6.7
35364,359.25,605.5,15,600.0,5.5
35364,0.48,605.7,15,600.0,5.7
35365,1.94,607.0,15,600.0,7.0
35504,358.97,606.2,15,600.0,6.2
35505,0.39,606.2,15,600.0,6.2
35505,1.75,606.2,15,600.0,6.2
35645,359.08,605.7,15,600.0,5.7
35646,0.44,605.7,15,600.0,5.7
35646,1.78,606.2,15,600.0,6.2
35785,358.11,605.7,15,600.0,5.7
35786,359.48,605.7,15,600.0,5.7
35786,0.66,606.2,15,600.0,6.2
35787,1.98,606.7,15,600.0,6.7
35926,358.62,605.5,15,600.0,5.5
35927,359.77,605.7,15,600.0,5.7
35927,1.11,605.7,15,600.0,5.7
36067,359.3,605.7,15,600.0,5.7
36067,0.67,606.2,15,600.0,6.2
36068,1.92,607.0,15,600.0,7.0
36207,358.12,605.7,15,600.0,5.7
36208,359.59,606.2,15,600.0,6.2
36208,0.73,606.7,15,600.0,6.7
36348,358.41,605.5,15,600.0,5.5
36348,359.83,606.2,15,600.0,6.2
36349,0.98,606.2,15,600.0,6.2
36489,358.5,605.7,15,600.0,5.7
36489,359.94,605.7,15,600.0,5.7
36490,1.11,605.7,15,600.0,5.7
36629,358.27,605.7,15,600.0,5.7
36630,359.61,606.2,15,600.0,6.2
36630,1.05,606.5,15,600.0,6.5
36770,358.34,605.7,15,600.0,5.7
36771,359.77,606.2,15,600.0,6.2
36771,1.02,606.2,15,600.0,6.2
36911,358.95,606.2,15,600.0,6.2
36911,0.23,606.2,15,600.0,6.2
36912,1.52,606.2,15,600.0,6.2
37052,359.3,605.5,15,600.0,5.5
37052,0.62,606.0,15,600.0,6.0
37053,1.91,607.0,15,600.0,7.0
37192,358.34,605.7,15,600.0,5.7
37193,359.81,606.2,15,600.0,6.2
37193,0.97,606.2,15,600.0,6.2
37333,358.77,605.7,15,600.0,5.7
37333,0.14,606.0,15,600.0,6.0
37334,1.37,606.7,15,600.0,6.7
37474,358.78,605.7,15,600.0,5.7
37474,359.89,605.7,15,600.0,5.7
37475,1.36,606.7,15,600.0,6.7
37614,358.61,605.7,15,600.0,5.7
37615,0.0,605.7,15,600.0,5.7
37615,1.33,606.5,15,600.0,6.5
37755,358.64,605.7,15,600.0,5.7
37756,359.95,606.0,15,600.0,6.0
37756,1.37,606.7,15,600.0,6.7
37895,358.06,605.7,15,600.0,5.7
37896,359.25,605.5,15,600.0,5.5
37896,0.61,606.2,15,600.0,6.2
38036,358.28,605.7,15,600.0,5.7
38037,359.39,606.2,15,600.0,6.2
38037,0.84,606.7,15,600.0,6.7
38177,358.33,605.7,15,600.0,5.7
38177,359.75,606.2,15,600.0,6.2
38178,1.03,606.5,15,600.0,6.5
38318,358.61,605.7,15,600.0,5.7
38318,359.83,605.7,15,600.0,5.7
38319,1.3,605.7,15,600.0,5.7
38458,358.45,605.7,15,600.0,5.7
38459,359.78,605.7,15,600.0,5.7
38459,1.22,605.7,15,600.0,5.7
38599,358.73,605.7,15,600.0,5.7
38600,0.05,606.0,15,600.0,6.0
38600,1.39,606.7,15,600.0,6.7
38740,359.2,605.7,15,600.0,5.7
38740,0.59,606.0,15,600.0,6.0
38741,1.83,607.0,15,600.0,7.0
38880,358.16,605.5,15,600.0,5.5
38881,359.62,606.2,15,600.0,6.2
38881,0.75,606.7,15,600.0,6.7
39021,359.03,606.2,15,600.0,6.2
39021,0.41,606.2,15,600.0,6.2
39022,1.62,606.2,15,600.0,6.2
39161,358.33,605.7,15,600.0,5.7
39162,359.81,606.2,15,600.0,6.2
39162,0.98,606.5,15,600.0,6.5
39302,358.91,606.2,15,600.0,6.2
39303,0.25,606.2,15,600.0,6.2
39303,1.52,606.2,15,600.0,6.2
39442,358.2,605.7,15,600.0,5.7
39443,359.5,606.2,15,600.0,6.2
39443,0.73,606.7,15,600.0,6.7
39584,359.19,605.5,15,600.0,5.5
39584,0.44,606.0,15,600.0,6.0
39585,1.75,607.0,15,600.0,7.0
39724,358.11,605.7,15,600.0,5.7
39724,359.48,605.5,15,600.0,5.5
39725,0.77,606.0,15,600.0,6.0
39865,358.2,605.5,15,600.0,5.5
39865,359.58,606.2,15,600.0,6.2
39866,0.73,606.7,15,600.0,6.7
40005,358.44,605.7,15,600.0,5.7
40006,359.8,606.2,15,600.0,6.2
40006,0.97,606.2,15,600.0,6.2
40146,359.12,605.5,15,600.0,5.5
40147,0.58,606.0,15,600.0,6.0
40147,1.84,607.0,15,600.0,7.0
40286,358.58,605.7,15,600.0,5.7
40287,359.86,605.7,15,600.0,5.7
40287,1.36,606.5,15,600.0,6.5
40427,359.3,605.7,15,600.0,5.7
40428,0.69,606.2,15,600.0,6.2
40428,1.95,607.0,15,600.0,7.0
40567,358.39,605.7,15,600.0,5.7
40568,359.67,606.2,15,600.0,6.2
40568,1.08,606.2,15,600.0,6.2
40708,358.7,605.7,15,600.0,5.7
40709,0.02,605.7,15,600.0,5.7
40709,1.3,606.7,15,600.0,6.7
40849,359.0,606.2,15,600.0,6.2
40849,0.42,606.2,15,600.0,6.2
40850,1.58,606.2,15,600.0,6.2
40989,358.19,605.5,15,600.0,5.5
40990,359.5,606.2,15,600.0,6.2
40990,0.86,606.7,15,600.0,6.7
41130,358.91,606.2,15,600.0,6.2
41130,0.36,606.2,15,600.0,6.2
41131,1.7,606.2,15,600.0,6.2
41270,358.59,605.7,15,600.0,5.7
41271,359.92,605.7,15,600.0,5.7
487792,358.17,305.8,15,300.0,5.8
487793,359.42,305.8,15,300.0,5.8
487793,0.16,306.0,15,300.0,6.0
487794,1.87,306.3,15,300.0,6.3
487935,359.45,305.8,15,300.0,5.8
487936,0.53,306.0,15,300.0,6.0
487936,1.92,306.3,15,300.0,6.3
488077,359.27,305.8,15,300.0,5.8
488077,359.72,305.8,15,300.0,5.8
488078,1.73,306.0,15,300.0,6.0
488219,358.69,305.8,15,300.0,5.8
488220,359.77,305.8,15,300.0,5.8
488220,1.11,306.0,15,300.0,6.0
488362,359.23,305.8,15,300.0,5.8
488362,359.84,305.8,15,300.0,5.8
488363,1.2,306.0,15,300.0,6.0
488504,358.14,305.5,15,300.0,5.5
488505,359.14,305.8,15,300.0,5.8
488505,0.5,306.0,15,300.0,6.0
488506,1.61,306.3,15,300.0,6.3
488647,358.02,305.8,15,300.0,5.8
488647,359.11,305.8,15,300.0,5.8
488648,359.95,306.0,15,300.0,6.0
488648,1.16,306.3,15,300.0,6.3
488789,358.84,305.8,15,300.0,5.8
488790,359.75,305.8,15,300.0,5.8
488790,1.87,306.3,15,300.0,6.3
488932,358.78,305.8,15,300.0,5.8
488932,0.37,306.0,15,300.0,6.0
488933,1.87,306.3,15,300.0,6.3
489074,358.59,305.8,15,300.0,5.8
489075,0.08,306.0,15,300.0,6.0
489075,1.31,306.3,15,300.0,6.3
489216,359.47,305.8,15,300.0,5.8
489217,0.42,306.0,15,300.0,6.0
489217,1.83,306.3,15,300.0,6.3
489359,359.11,305.8,15,300.0,5.8
489359,0.41,306.0,15,300.0,6.0
489360,1.69,306.3,15,300.0,6.3
489500,358.17,305.8,15,300.0,5.8
489501,358.92,305.8,15,300.0,5.8
489501,0.19,306.0,15,300.0,6.0
489502,1.55,306.3,15,300.0,6.3
489643,358.05,305.8,15,300.0,5.8
489643,358.67,305.8,15,300.0,5.8
489644,0.56,306.0,15,300.0,6.0
489644,1.58,306.3,15,300.0,6.3
489785,358.02,305.8,15,300.0,5.8
489786,358.69,305.8,15,300.0,5.8
489786,0.09,306.0,15,300.0,6.0
489787,1.37,306.3,15,300.0,6.3
489927,358.27,305.8,15,300.0,5.8
489928,359.64,305.8,15,300.0,5.8
489928,0.86,306.0,15,300.0,6.0
490070,358.97,305.8,15,300.0,5.8
490070,359.97,305.8,15,300.0,5.8
490071,1.14,306.0,15,300.0,6.0
490212,358.48,305.8,15,300.0,5.8
490212,0.22,305.8,15,300.0,5.8
490213,1.2,306.0,15,300.0,6.0
490354,358.37,305.8,15,300.0,5.8
490355,359.84,305.8,15,300.0,5.8
490355,1.12,306.0,15,300.0,6.0
490497,359.05,305.8,15,300.0,5.8
490497,359.59,305.8,15,300.0,5.8
490498,1.41,306.0,15,300.0,6.0
490639,358.0,305.8,15,300.0,5.8
490639,359.75,305.5,15,300.0,5.5
490640,0.73,306.0,15,300.0,6.0
490781,358.64,305.8,15,300.0,5.8
490782,359.69,305.5,15,300.0,5.5
490782,0.52,306.0,15,300.0,6.0
490783,1.95,306.3,15,300.0,6.3
490923,358.45,305.8,15,300.0,5.8
490924,359.47,305.5,15,300.0,5.5
490924,0.95,306.0,15,300.0,6.0
490925,1.84,306.3,15,300.0,6.3
491066,358.97,305.8,15,300.0,5.8
491066,0.94,306.0,15,300.0,6.0
491067,1.39,306.3,15,300.0,6.3
491208,358.56,305.8,15,300.0,5.8
491208,359.67,305.8,15,300.0,5.8
491209,1.34,306.0,15,300.0,6.0
491350,358.58,305.8,15,300.0,5.8
491350,0.19,306.0,15,300.0,6.0
491351,1.47,306.3,15,300.0,6.3
491492,358.59,305.8,15,300.0,5.8
491492,359.7,305.8,15,300.0,5.8
491493,0.72,306.0,15,300.0,6.0
491634,358.28,305.8,15,300.0,5.8
491634,359.72,305.8,15,300.0,5.8
491635,1.48,306.0,15,300.0,6.0
491776,358.89,305.8,15,300.0,5.8
491777,0.3,306.0,15,300.0,6.0
491777,1.5,306.3,15,300.0,6.3
491918,358.42,305.8,15,300.0,5.8
491919,0.03,305.8,15,300.0,5.8
491919,0.86,306.0,15,300.0,6.0
491920,1.83,306.3,15,300.0,6.3
492060,358.42,305.8,15,300.0,5.8
492061,359.92,305.8,15,300.0,5.8
492061,1.53,306.0,15,300.0,6.0
492202,358.64,305.8,15,300.0,5.8
492203,359.61,305.5,15,300.0,5.5
492203,0.81,306.0,15,300.0,6.0
492344,358.75,305.8,15,300.0,5.8
492345,359.87,306.0,15,300.0,6.0
492345,1.37,306.3,15,300.0,6.3
492486,358.16,305.5,15,300.0,5.5
492487,359.37,305.8,15,300.0,5.8
492487,0.11,306.0,15,300.0,6.0
492488,1.45,306.3,15,300.0,6.3
492629,358.23,305.8,15,300.0,5.8
492629,359.7,305.8,15,300.0,5.8
492630,0.94,306.0,15,300.0,6.0
492771,358.48,305.8,15,300.0,5.8
492771,0.17,305.8,15,300.0,5.8
492772,0.64,306.0,15,300.0,6.0
492913,358.12,305.8,15,300.0,5.8
492913,358.77,305.8,15,300.0,5.8
492914,0.61,306.0,15,300.0,6.0
492914,1.53,306.3,15,300.0,6.3
493055,358.41,305.8,15,300.0,5.8
493055,0.33,305.8,15,300.0,5.8
493056,1.36,306.0,15,300.0,6.0
493197,359.55,305.8,15,300.0,5.8
493198,0.48,306.0,15,300.0,6.0
493198,1.78,306.3,15,300.0,6.3
493339,358.14,305.8,15,300.0,5.8
493339,358.98,305.8,15,300.0,5.8
493340,0.61,306.0,15,300.0,6.0
493340,1.48,306.3,15,300.0,6.3
493481,358.97,305.8,15,300.0,5.8
493482,0.28,306.0,15,300.0,6.0
493482,1.8,306.3,15,300.0,6.3
493624,359.27,305.8,15,300.0,5.8
493624,359.97,306.0,15,300.0,6.0
493625,1.36,306.3,15,300.0,6.3
493765,358.3,305.5,15,300.0,5.5
493766,358.95,305.8,15,300.0,5.8
493766,0.73,306.0,15,300.0,6.0
493767,1.61,306.3,15,300.0,6.3
493908,358.06,305.8,15,300.0,5.8
493908,359.31,305.8,15,300.0,5.8
493909,0.39,306.0,15,300.0,6.0
493909,1.45,306.3,15,300.0,6.3
494051,359.8,305.5,15,300.0,5.5
494051,0.94,306.0,15,300.0,6.0
494192,358.19,305.8,15,300.0,5.8
494193,0.23,305.8,15,300.0,5.8
494193,1.42,306.0,15,300.0,6.0
494335,358.41,305.8,15,300.0,5.8
494335,0.13,305.8,15,300.0,5.8
494336,1.41,306.0,15,300.0,6.0
494476,358.3,305.5,15,300.0,5.5
494477,358.77,305.8,15,300.0,5.8
494477,0.5,306.0,15,300.0,6.0
494478,1.97,306.3,15,300.0,6.3
494619,358.2,305.8,15,300.0,5.8
494619,359.33,305.5,15,300.0,5.5
494620,0.44,306.0,15,300.0,6.0
494761,359.11,305.8,15,300.0,5.8
494762,359.95,305.8,15,300.0,5.8
494762,1.61,306.0,15,300.0,6.0
494903,358.23,305.8,15,300.0,5.8
494903,359.95,305.5,15,300.0,5.5
494904,0.84,306.0,15,300.0,6.0
495045,358.7,305.8,15,300.0,5.8
495046,0.02,306.0,15,300.0,6.0
495046,1.53,306.3,15,300.0,6.3
495186,358.03,305.8,15,300.0,5.8
495187,359.0,305.8,15,300.0,5.8
495187,0.0,306.0,15,300.0,6.0
495188,1.62,306.3,15,300.0,6.3
495329,358.11,305.8,15,300.0,5.8
495329,359.0,305.8,15,300.0,5.8
495330,0.8,306.0,15,300.0,6.0
495330,1.67,306.3,15,300.0,6.3
495472,358.84,305.8,15,300.0,5.8
495472,0.27,306.0,15,300.0,6.0
495473,1.87,306.3,15,300.0,6.3
495614,358.73,305.8,15,300.0,5.8
495614,0.75,306.0,15,300.0,6.0
495756,358.61,305.8,15,300.0,5.8
495757,0.09,305.8,15,300.0,5.8
495757,1.45,306.0,15,300.0,6.0
495898,358.5,305.8,15,300.0,5.8
495899,0.0,305.8,15,300.0,5.8
495899,0.75,306.0,15,300.0,6.0
496041,358.56,305.8,15,300.0,5.8
496041,359.89,306.0,15,300.0,6.0
496042,1.55,306.3,15,300.0,6.3
496183,358.34,305.5,15,300.0,5.5
496183,359.39,305.8,15,300.0,5.8
496184,0.47,306.0,15,300.0,6.0
496325,359.22,305.8,15,300.0,5.8
496325,0.56,305.8,15,300.0,5.8
496326,1.19,306.3,15,300.0,6.3
496467,358.48,305.5,15,300.0,5.5
496467,359.45,305.8,15,300.0,5.8
80185,359.19,709.0,15,700.0,9.0
80186,0.5,709.2,15,700.0,9.2
80186,1.75,709.7,15,700.0,9.7
80326,359.11,709.2,15,700.0,9.2
80327,0.36,709.2,15,700.0,9.2
80327,1.78,709.7,15,700.0,9.7
80467,358.89,708.7,15,700.0,8.7
80467,0.25,709.2,15,700.0,9.2
80468,1.59,710.0,15,700.0,10.0
80608,359.0,708.7,15,700.0,8.7
80608,0.22,709.2,15,700.0,9.2
80609,1.59,710.0,15,700.0,10.0
80748,358.97,708.7,15,700.0,8.7
80749,0.19,709.2,15,700.0,9.2
80750,1.59,710.0,15,700.0,10.0
80889,358.8,708.5,15,700.0,8.5
80890,0.11,708.7,15,700.0,8.7
80890,1.48,709.5,15,700.0,9.5
81030,358.69,708.5,15,700.0,8.5
81031,359.92,709.0,15,700.0,9.0
81031,1.23,709.2,15,700.0,9.2
81171,358.12,709.2,15,700.0,9.2
81171,359.44,708.7,15,700.0,8.7
81172,0.8,709.5,15,700.0,9.5
81312,359.25,708.7,15,700.0,8.7
81313,0.61,708.7,15,700.0,8.7
81313,1.86,709.7,15,700.0,9.7
81452,358.14,709.2,15,700.0,9.2
81453,359.41,708.7,15,700.0,8.7
81453,0.77,709.5,15,700.0,9.5
81593,358.33,709.0,15,700.0,9.0
81594,359.64,708.7,15,700.0,8.7
81594,0.8,709.0,15,700.0,9.0
81734,358.75,708.5,15,700.0,8.5
81734,0.05,708.7,15,700.0,8.7
81735,1.33,709.2,15,700.0,9.2
81875,358.78,708.5,15,700.0,8.5
81875,0.14,709.0,15,700.0,9.0
81876,1.52,710.0,15,700.0,10.0
82015,358.83,708.7,15,700.0,8.7
82016,0.2,709.2,15,700.0,9.2
82016,1.45,710.0,15,700.0,10.0
82156,358.58,709.0,15,700.0,9.0
82157,359.83,709.5,15,700.0,9.5
82157,1.09,709.5,15,700.0,9.5
82297,359.03,708.7,15,700.0,8.7
82298,0.27,709.2,15,700.0,9.2
82298,1.58,710.0,15,700.0,10.0
82438,358.89,708.5,15,700.0,8.5
82439,0.17,709.0,15,700.0,9.0
82439,1.41,710.0,15,700.0,10.0
82579,358.62,708.7,15,700.0,8.7
82579,359.95,709.0,15,700.0,9.0
82580,1.41,709.2,15,700.0,9.2
82720,358.58,708.7,15,700.0,8.7
82720,359.87,709.5,15,700.0,9.5
82721,1.33,709.7,15,700.0,9.7
82861,359.06,708.7,15,700.0,8.7
82861,0.37,709.2,15,700.0,9.2
82862,1.58,710.2,15,700.0,10.2
83001,358.67,708.7,15,700.0,8.7
83002,0.06,709.0,15,700.0,9.0
83002,1.31,709.2,15,700.0,9.2
83142,358.75,708.5,15,700.0,8.5
83143,0.08,708.7,15,700.0,8.7
83143,1.36,709.5,15,700.0,9.5
83283,359.23,709.2,15,700.0,9.2
83283,0.48,709.2,15,700.0,9.2
83284,1.78,709.7,15,700.0,9.7
83423,358.58,709.0,15,700.0,9.0
83424,359.89,709.2,15,700.0,9.2
83424,1.22,709.5,15,700.0,9.5
83563,358.22,709.0,15,700.0,9.0
83564,359.53,708.7,15,700.0,8.7
83564,0.8,709.5,15,700.0,9.5
83704,359.17,709.0,15,700.0,9.0
83705,0.53,709.2,15,700.0,9.2
83705,1.92,709.7,15,700.0,9.7
83844,358.84,708.5,15,700.0,8.5
83845,0.16,709.0,15,700.0,9.0
83845,1.48,709.7,15,700.0,9.7
83985,358.42,709.0,15,700.0,9.0
83985,359.77,709.2,15,700.0,9.2
83986,1.08,709.5,15,700.0,9.5
84125,359.03,709.0,15,700.0,9.0
84126,0.41,709.2,15,700.0,9.2
84126,1.72,709.7,15,700.0,9.7
84266,358.87,708.5,15,700.0,8.5
84266,0.17,708.7,15,700.0,8.7
84267,1.53,709.5,15,700.0,9.5
84406,358.25,709.0,15,700.0,9.0
84406,359.66,709.2,15,700.0,9.2
84407,0.86,709.5,15,700.0,9.5
84547,358.91,708.7,15,700.0,8.7
84547,0.25,709.2,15,700.0,9.2
84548,1.69,710.0,15,700.0,10.0
84687,358.81,708.5,15,700.0,8.5
84687,0.08,708.7,15,700.0,8.7
84688,1.37,709.5,15,700.0,9.5
84827,358.02,708.7,15,700.0,8.7
84828,359.34,708.7,15,700.0,8.7
84828,0.62,708.7,15,700.0,8.7
84829,1.83,709.7,15,700.0,9.7
84968,358.28,709.2,15,700.0,9.2
84968,359.61,708.7,15,700.0,8.7
84969,0.91,709.2,15,700.0,9.2
85109,358.55,709.0,15,700.0,9.0
85109,359.97,709.5,15,700.0,9.5
85110,1.12,709.7,15,700.0,9.7
85249,359.0,708.7,15,700.0,8.7
85250,0.33,709.2,15,700.0,9.2
85251,1.56,710.0,15,700.0,10.0
85390,358.75,708.2,15,700.0,8.2
85390,359.97,708.7,15,700.0,8.7
85391,1.44,709.2,15,700.0,9.2
85530,358.27,709.0,15,700.0,9.0
85531,359.64,709.2,15,700.0,9.2
85531,1.0,709.7,15,700.0,9.7
85671,359.2,709.0,15,700.0,9.0
85671,0.45,709.2,15,700.0,9.2
85672,1.64,709.7,15,700.0,9.7
85811,358.62,708.5,15,700.0,8.5
85812,359.94,709.0,15,700.0,9.0
85812,1.28,709.5,15,700.0,9.5
85952,358.75,708.2,15,700.0,8.2
85952,0.02,708.7,15,700.0,8.7
85953,1.44,709.5,15,700.0,9.5
86093,358.95,708.7,15,700.0,8.7
86093,0.13,709.2,15,700.0,9.2
86094,1.61,709.7,15,700.0,9.7
86233,359.0,708.7,15,700.0,8.7
86234,0.36,709.2,15,700.0,9.2
86234,1.62,710.0,15,700.0,10.0
86374,358.05,708.7,15,700.0,8.7
86374,359.37,708.5,15,700.0,8.5
86375,0.64,709.0,15,700.0,9.0
86375,1.89,710.0,15,700.0,10.0
86514,358.16,709.2,15,700.0,9.2
86514,359.45,708.5,15,700.0,8.5
86515,0.61,709.2,15,700.0,9.2
86515,1.94,710.7,15,700.0,10.7
86655,359.14,709.0,15,700.0,9.0
86655,0.45,709.2,15,700.0,9.2
86656,1.83,710.0,15,700.0,10.0
86795,358.78,708.5,15,700.0,8.5
86795,0.13,708.7,15,700.0,8.7
86796,1.41,709.5,15,700.0,9.5
86935,358.27,709.0,15,700.0,9.0
86936,359.64,708.7,15,700.0,8.7
86936,0.94,709.2,15,700.0,9.2
87076,358.92,708.5,15,700.0,8.5
87076,0.14,709.2,15,700.0,9.2
87077,1.55,710.0,15,700.0,10.0
87216,358.67,708.2,15,700.0,8.2
87217,0.11,708.7,15,700.0,8.7
87217,1.34,709.5,15,700.0,9.5
87356,358.67,708.5,15,700.0,8.5
87357,359.98,708.7,15,700.0,8.7
87357,1.19,709.5,15,700.0,9.5
87497,358.33,709.0,15,700.0,9.0
87497,359.8,709.2,15,700.0,9.2
87498,1.03,709.7,15,700.0,9.7
87637,358.06,709.2,15,700.0,9.2
87637,359.37,708.5,15,700.0,8.5
87638,0.62,709.0,15,700.0,9.0
87638,1.92,710.5,15,700.0,10.5
87778,358.09,709.2,15,700.0,9.2
87778,359.52,708.7,15,700.0,8.7
87779,0.83,709.5,15,700.0,9.5
87918,358.25,709.0,15,700.0,9.0
87919,359.56,709.5,15,700.0,9.5
87919,0.95,709.7,15,700.0,9.7
88059,358.47,708.7,15,700.0,8.7
88060,359.86,709.5,15,700.0,9.5
88060,1.05,709.7,15,700.0,9.7
88200,358.62,708.7,15,700.0,8.7
88200,359.94,709.2,15,700.0,9.2
88201,1.27,709.5,15,700.0,9.5
88340,358.16,709.2,15,700.0,9.2
88341,359.44,708.5,15,700.0,8.5
88341,0.72,709.2,15,700.0,9.2
88342,2.0,710.7,15,700.0,10.7
88481,358.84,708.5,15,700.0,8.5
88482,0.25,709.2,15,700.0,9.2
88482,1.59,710.0,15,700.0,10.0
88621,358.25,709.0,15,700.0,9.0
88622,359.64,708.7,15,700.0,8.7
88622,0.84,709.2,15,700.0,9.2
88762,358.91,708.5,15,700.0,8.5
88763,0.13,709.2,15,700.0,9.2
88763,1.44,710.0,15,700.0,10.0
88902,358.12,709.2,15,700.0,9.2
88903,359.55,708.5,15,700.0,8.5
88903,0.73,709.2,15,700.0,9.2
89043,359.2,709.0,15,700.0,9.0
89044,0.42,709.2,15,700.0,9.2
89044,1.78,709.7,15,700.0,9.7
89183,359.09,709.0,15,700.0,9.0
89184,0.45,709.2,15,700.0,9.2
89184,1.81,709.7,15,700.0,9.7
32225,358.03,1006.5,15,1000.0,6.5
32226,359.36,1005.7,15,1000.0,5.7
32226,0.59,1007.0,15,1000.0,7.0
32227,1.95,1008.7,15,1000.0,8.7
32366,358.03,1006.2,15,1000.0,6.2
32366,359.37,1005.5,15,1000.0,5.5
32367,0.67,1007.5,15,1000.0,7.5
32367,1.89,1009.2,15,1000.0,9.2
32507,358.61,1006.2,15,1000.0,6.2
32507,359.95,1007.0,15,1000.0,7.0
32508,1.3,1007.5,15,1000.0,7.5
32647,358.23,1006.0,15,1000.0,6.0
32647,359.62,1006.7,15,1000.0,6.7
32648,0.91,1007.7,15,1000.0,7.7
32787,358.2,1006.0,15,1000.0,6.0
32788,359.61,1006.7,15,1000.0,6.7
32788,0.91,1007.5,15,1000.0,7.5
32927,358.37,1006.5,15,1000.0,6.5
32928,359.72,1007.2,15,1000.0,7.2
32928,1.0,1007.5,15,1000.0,7.5
33068,358.34,1006.2,15,1000.0,6.2
33068,359.69,1007.0,15,1000.0,7.0
33069,0.91,1007.7,15,1000.0,7.7
33208,358.37,1006.5,15,1000.0,6.5
33208,359.72,1006.5,15,1000.0,6.5
33209,1.03,1006.7,15,1000.0,6.7
33348,358.77,1005.5,15,1000.0,5.5
33349,0.16,1007.2,15,1000.0,7.2
33349,1.48,1007.7,15,1000.0,7.7
33488,359.0,1005.7,15,1000.0,5.7
33489,0.34,1006.2,15,1000.0,6.2
33489,1.64,1007.7,15,1000.0,7.7
33628,358.31,1006.2,15,1000.0,6.2
33629,359.58,1007.2,15,1000.0,7.2
33629,0.97,1007.7,15,1000.0,7.7
33768,358.17,1006.2,15,1000.0,6.2
33769,359.44,1006.0,15,1000.0,6.0
33769,0.77,1008.0,15,1000.0,8.0
33909,358.95,1006.0,15,1000.0,6.0
33910,0.22,1007.2,15,1000.0,7.2
33910,1.47,1008.0,15,1000.0,8.0
34050,359.27,1005.5,15,1000.0,5.5
34050,0.64,1007.0,15,1000.0,7.0
34051,1.94,1008.5,15,1000.0,8.5
34191,359.14,1005.5,15,1000.0,5.5
34191,0.37,1006.0,15,1000.0,6.0
34192,1.67,1007.5,15,1000.0,7.5
34331,358.12,1006.2,15,1000.0,6.2
34331,359.44,1006.2,15,1000.0,6.2
34332,0.72,1008.0,15,1000.0,8.0
34332,2.0,1009.0,15,1000.0,9.0
34472,358.67,1006.5,15,1000.0,6.5
34472,359.95,1007.2,15,1000.0,7.2
34473,1.33,1007.5,15,1000.0,7.5
34612,359.09,1005.5,15,1000.0,5.5
34613,0.41,1006.0,15,1000.0,6.0
34614,1.66,1007.5,15,1000.0,7.5
34753,358.62,1006.5,15,1000.0,6.5
34753,359.94,1007.2,15,1000.0,7.2
34754,1.3,1007.5,15,1000.0,7.5
34894,359.17,1005.7,15,1000.0,5.7
34894,0.56,1007.0,15,1000.0,7.0
34895,1.78,1007.7,15,1000.0,7.7
35034,358.37,1006.2,15,1000.0,6.2
35034,359.77,1006.2,15,1000.0,6.2
35035,1.08,1006.7,15,1000.0,6.7
35174,358.06,1006.5,15,1000.0,6.5
35175,359.34,1006.5,15,1000.0,6.5
35175,0.72,1008.0,15,1000.0,8.0
35315,359.28,1005.7,15,1000.0,5.7
35315,0.52,1007.0,15,1000.0,7.0
35316,1.83,1008.0,15,1000.0,8.0
35455,358.23,1005.7,15,1000.0,5.7
35455,359.59,1006.5,15,1000.0,6.5
35456,0.91,1007.5,15,1000.0,7.5
35595,358.97,1006.0,15,1000.0,6.0
35596,0.2,1007.5,15,1000.0,7.5
35596,1.58,1008.5,15,1000.0,8.5
35736,358.12,1006.7,15,1000.0,6.7
35736,359.41,1006.5,15,1000.0,6.5
35737,0.77,1008.0,15,1000.0,8.0
35737,1.98,1008.7,15,1000.0,8.7
35876,358.56,1006.2,15,1000.0,6.2
35877,359.87,1006.5,15,1000.0,6.5
35877,1.17,1007.0,15,1000.0,7.0
36017,358.95,1006.0,15,1000.0,6.0
36018,0.3,1006.5,15,1000.0,6.5
36018,1.59,1007.7,15,1000.0,7.7
36157,358.69,1006.2,15,1000.0,6.2
36158,359.94,1007.0,15,1000.0,7.0
36158,1.31,1007.5,15,1000.0,7.5
36298,358.37,1006.2,15,1000.0,6.2
36298,359.59,1007.2,15,1000.0,7.2
36299,0.98,1007.7,15,1000.0,7.7
36438,358.2,1006.5,15,1000.0,6.5
36438,359.44,1006.5,15,1000.0,6.5
36439,0.75,1008.0,15,1000.0,8.0
36578,358.3,1005.7,15,1000.0,5.7
36579,359.58,1006.7,15,1000.0,6.7
36579,0.8,1007.7,15,1000.0,7.7
36719,358.8,1005.5,15,1000.0,5.5
36719,0.14,1007.5,15,1000.0,7.5
36720,1.36,1008.0,15,1000.0,8.0
36859,358.08,1006.2,15,1000.0,6.2
36860,359.41,1006.2,15,1000.0,6.2
36860,0.73,1008.0,15,1000.0,8.0
37000,359.19,1005.5,15,1000.0,5.5
37000,0.52,1006.7,15,1000.0,6.7
37001,1.8,1008.0,15,1000.0,8.0
37140,359.0,1006.0,15,1000.0,6.0
37141,0.3,1007.0,15,1000.0,7.0
37141,1.61,1008.2,15,1000.0,8.2
37280,359.11,1005.2,15,1000.0,5.2
37281,0.34,1006.5,15,1000.0,6.5
37281,1.69,1008.0,15,1000.0,8.0
37421,358.62,1006.5,15,1000.0,6.5
37421,359.97,1007.2,15,1000.0,7.2
37422,1.22,1007.5,15,1000.0,7.5
37561,358.28,1005.7,15,1000.0,5.7
37561,359.56,1006.7,15,1000.0,6.7
37562,0.86,1007.7,15,1000.0,7.7
37702,358.84,1005.2,15,1000.0,5.2
37702,0.09,1007.0,15,1000.0,7.0
37703,1.48,1007.7,15,1000.0,7.7
37842,359.19,1005.5,15,1000.0,5.5
37843,0.55,1007.0,15,1000.0,7.0
37843,1.87,1008.0,15,1000.0,8.0
37983,358.81,1005.2,15,1000.0,5.2
37983,0.14,1007.0,15,1000.0,7.0
37984,1.52,1007.5,15,1000.0,7.5
38123,358.75,1005.5,15,1000.0,5.5
38124,0.05,1006.7,15,1000.0,6.7
38124,1.28,1007.2,15,1000.0,7.2
38263,358.7,1005.5,15,1000.0,5.5
38264,0.06,1006.7,15,1000.0,6.7
38264,1.31,1007.2,15,1000.0,7.2
38404,359.02,1006.0,15,1000.0,6.0
38404,0.3,1007.0,15,1000.0,7.0
38405,1.62,1008.2,15,1000.0,8.2
38544,358.77,1005.5,15,1000.0,5.5
38544,0.06,1006.7,15,1000.0,6.7
38545,1.34,1007.0,15,1000.0,7.0
38684,358.67,1005.5,15,1000.0,5.5
38685,0.05,1006.7,15,1000.0,6.7
38685,1.36,1007.2,15,1000.0,7.2
38824,359.17,1005.5,15,1000.0,5.5
38825,0.55,1007.0,15,1000.0,7.0
38825,1.83,1008.0,15,1000.0,8.0
38964,358.09,1006.5,15,1000.0,6.5
38965,359.39,1006.5,15,1000.0,6.5
38965,0.7,1008.0,15,1000.0,8.0
39104,358.59,1006.5,15,1000.0,6.5
39105,359.94,1007.0,15,1000.0,7.0
39105,1.25,1007.2,15,1000.0,7.2
39245,358.44,1006.2,15,1000.0,6.2
39245,359.75,1006.5,15,1000.0,6.5
39246,1.12,1006.7,15,1000.0,6.7
39385,359.36,1005.7,15,1000.0,5.7
39386,0.59,1007.2,15,1000.0,7.2
39386,1.91,1008.5,15,1000.0,8.5
39526,358.64,1006.5,15,1000.0,6.5
39526,359.84,1007.0,15,1000.0,7.0
39527,1.22,1007.2,15,1000.0,7.2
39666,359.08,1005.5,15,1000.0,5.5
39667,0.37,1006.2,15,1000.0,6.2
39667,1.72,1008.0,15,1000.0,8.0
39807,358.56,1006.5,15,1000.0,6.5
39807,359.94,1007.0,15,1000.0,7.0
39808,1.19,1007.5,15,1000.0,7.5
39947,358.33,1006.2,15,1000.0,6.2
39948,359.7,1007.2,15,1000.0,7.2
39948,0.98,1007.7,15,1000.0,7.7
40087,358.58,1006.2,15,1000.0,6.2
40088,359.89,1006.7,15,1000.0,6.7
40088,1.14,1007.0,15,1000.0,7.0
40227,358.73,1005.5,15,1000.0,5.5
40228,0.0,1006.7,15,1000.0,6.7
40228,1.36,1007.2,15,1000.0,7.2
40368,358.31,1005.7,15,1000.0,5.7
40368,359.59,1006.5,15,1000.0,6.5
40369,0.83,1007.5,15,1000.0,7.5
40508,359.08,1005.5,15,1000.0,5.5
40509,0.42,1006.2,15,1000.0,6.2
40509,1.62,1008.0,15,1000.0,8.0
40649,358.69,1005.5,15,1000.0,5.5
40649,0.0,1006.7,15,1000.0,6.7
40650,1.37,1007.2,15,1000.0,7.2
40789,358.5,1006.2,15,1000.0,6.2
40790,359.72,1006.5,15,1000.0,6.5
40790,1.11,1007.0,15,1000.0,7.0
40929,358.7,1005.5,15,1000.0,5.5
40930,0.08,1006.5,15,1000.0,6.5
40930,1.31,1007.0,15,1000.0,7.0
41069,358.72,1006.0,15,1000.0,6.0
41070,359.94,1006.7,15,1000.0,6.7
41070,1.25,1007.2,15,1000.0,7.2
41210,358.45,1006.2,15,1000.0,6.2
41210,359.78,1007.0,15,1000.0,7.0
41211,1.09,1007.2,15,1000.0,7.2
41350,358.8,1005.5,15,1000.0,5.5
113174,358.67,413.3,15,400.0,13.3
113174,0.03,413.3,15,400.0,13.3
113175,1.44,413.5,15,400.0,13.5
113315,359.0,413.0,15,400.0,13.0
113315,0.31,413.3,15,400.0,13.3
113316,1.52,413.5,15,400.0,13.5
113456,358.95,413.0,15,400.0,13.0
113457,0.2,413.3,15,400.0,13.3
113457,1.61,413.3,15,400.0,13.3
113597,358.2,413.3,15,400.0,13.3
113598,359.34,413.3,15,400.0,13.3
113598,0.97,413.5,15,400.0,13.5
113738,358.98,413.3,15,400.0,13.3
113739,0.62,413.3,15,400.0,13.3
113739,1.77,413.3,15,400.0,13.3
113879,358.34,413.0,15,400.0,13.0
113880,359.53,413.3,15,400.0,13.3
113880,1.09,413.3,15,400.0,13.3
114020,359.48,413.3,15,400.0,13.3
114021,0.73,413.3,15,400.0,13.3
114161,358.77,413.0,15,400.0,13.0
114162,0.09,413.3,15,400.0,13.3
114162,1.59,413.3,15,400.0,13.3
114302,358.3,413.0,15,400.0,13.0
114302,359.58,413.3,15,400.0,13.3
114303,1.17,413.3,15,400.0,13.3
114443,358.83,413.3,15,400.0,13.3
114444,0.06,413.3,15,400.0,13.3
114444,1.25,413.5,15,400.0,13.5
114584,358.92,413.0,15,400.0,13.0
114585,0.28,413.3,15,400.0,13.3
114585,1.39,413.3,15,400.0,13.3
114725,358.37,413.0,15,400.0,13.0
114726,359.53,413.3,15,400.0,13.3
114726,0.88,413.5,15,400.0,13.5
114866,358.73,413.0,15,400.0,13.0
114867,0.44,413.3,15,400.0,13.3
114868,1.78,413.3,15,400.0,13.3
115007,358.36,413.0,15,400.0,13.0
115008,359.84,413.3,15,400.0,13.3
115008,1.03,413.5,15,400.0,13.5
115148,358.08,413.3,15,400.0,13.3
115149,359.47,413.3,15,400.0,13.3
115149,0.67,413.3,15,400.0,13.3
115289,358.64,413.3,15,400.0,13.3
115290,0.0,413.3,15,400.0,13.3
115290,1.39,413.5,15,400.0,13.5
115430,358.11,413.3,15,400.0,13.3
115431,359.19,413.3,15,400.0,13.3
115431,0.62,413.3,15,400.0,13.3
115571,358.61,412.8,15,400.0,12.8
115572,0.05,413.0,15,400.0,13.0
115572,1.17,413.5,15,400.0,13.5
115713,359.09,413.0,15,400.0,13.0
115713,0.27,413.3,15,400.0,13.3
115714,1.66,413.3,15,400.0,13.3
115853,358.66,413.3,15,400.0,13.3
115854,0.28,413.3,15,400.0,13.3
115854,1.33,413.5,15,400.0,13.5
115994,358.87,413.3,15,400.0,13.3
115995,0.02,413.3,15,400.0,13.3
115995,1.31,413.5,15,400.0,13.5
116135,358.69,413.3,15,400.0,13.3
116135,359.97,413.3,15,400.0,13.3
116136,1.53,413.5,15,400.0,13.5
116276,358.97,413.3,15,400.0,13.3
116276,0.05,413.3,15,400.0,13.3
116277,1.59,413.5,15,400.0,13.5
116417,359.19,413.3,15,400.0,13.3
116417,0.56,413.3,15,400.0,13.3
116418,1.56,413.3,15,400.0,13.3
116558,358.05,413.3,15,400.0,13.3
116558,359.61,413.3,15,400.0,13.3
116559,0.59,413.3,15,400.0,13.3
116559,1.98,413.5,15,400.0,13.5
116699,358.44,413.0,15,400.0,13.0
116700,359.78,413.3,15,400.0,13.3
116700,1.12,413.5,15,400.0,13.5
116840,359.23,413.3,15,400.0,13.3
116841,0.2,413.3,15,400.0,13.3
116841,1.73,413.3,15,400.0,13.3
116981,358.16,413.3,15,400.0,13.3
116981,359.31,413.3,15,400.0,13.3
116982,0.59,413.3,15,400.0,13.3
116982,1.75,413.5,15,400.0,13.5
117122,359.22,413.3,15,400.0,13.3
117122,0.7,413.3,15,400.0,13.3
117123,1.83,413.5,15,400.0,13.5
117263,358.67,413.0,15,400.0,13.0
117263,359.94,413.3,15,400.0,13.3
117264,1.58,413.5,15,400.0,13.5
117403,358.42,413.0,15,400.0,13.0
117404,359.78,413.3,15,400.0,13.3
117404,0.89,413.5,15,400.0,13.5
117545,359.19,413.3,15,400.0,13.3
117545,0.5,413.3,15,400.0,13.3
117546,1.53,413.3,15,400.0,13.3
117685,358.62,413.3,15,400.0,13.3
117686,359.97,413.3,15,400.0,13.3
117686,1.55,413.5,15,400.0,13.5
117826,358.44,412.8,15,400.0,12.8
117827,0.08,413.0,15,400.0,13.0
117827,1.25,413.5,15,400.0,13.5
117967,358.48,412.8,15,400.0,12.8
117967,0.02,413.0,15,400.0,13.0
117968,1.11,413.5,15,400.0,13.5
118108,358.62,413.3,15,400.0,13.3
118108,0.13,413.3,15,400.0,13.3
118109,1.19,413.5,15,400.0,13.5
118249,359.17,413.3,15,400.0,13.3
118250,0.72,413.3,15,400.0,13.3
118390,358.44,413.3,15,400.0,13.3
118390,359.7,413.3,15,400.0,13.3
118391,0.73,413.5,15,400.0,13.5
118531,358.0,413.3,15,400.0,13.3
118532,359.25,413.3,15,400.0,13.3
118532,0.67,413.3,15,400.0,13.3
118533,1.98,413.5,15,400.0,13.5
118673,359.14,413.3,15,400.0,13.3
118673,0.52,413.3,15,400.0,13.3
118674,1.84,413.3,15,400.0,13.3
118814,358.47,413.0,15,400.0,13.0
118814,359.81,413.3,15,400.0,13.3
118815,1.03,413.5,15,400.0,13.5
118955,359.19,413.3,15,400.0,13.3
118955,0.59,413.3,15,400.0,13.3
119096,358.3,413.3,15,400.0,13.3
119096,359.45,413.3,15,400.0,13.3
119097,0.97,413.5,15,400.0,13.5
119237,358.69,413.0,15,400.0,13.0
119237,0.05,413.3,15,400.0,13.3
119238,1.12,413.5,15,400.0,13.5
119378,358.53,413.3,15,400.0,13.3
119379,359.84,413.3,15,400.0,13.3
119379,1.33,413.5,15,400.0,13.5
119520,359.11,413.3,15,400.0,13.3
119520,0.47,413.3,15,400.0,13.3
119521,1.75,413.3,15,400.0,13.3
119660,358.31,413.0,15,400.0,13.0
119661,359.77,413.3,15,400.0,13.3
119661,0.97,413.5,15,400.0,13.5
119802,358.84,413.0,15,400.0,13.0
119802,0.34,413.3,15,400.0,13.3
119803,1.48,413.3,15,400.0,13.3
119942,359.09,413.0,15,400.0,13.0
119943,0.03,413.3,15,400.0,13.3
119943,1.62,413.3,15,400.0,13.3
120084,359.14,413.3,15,400.0,13.3
120084,0.41,413.3,15,400.0,13.3
120085,1.73,413.3,15,400.0,13.3
120224,358.14,413.3,15,400.0,13.3
120225,359.5,413.3,15,400.0,13.3
120225,0.37,413.3,15,400.0,13.3
120366,359.3,413.3,15,400.0,13.3
120367,0.52,413.3,15,400.0,13.3
120367,1.73,413.3,15,400.0,13.3
120507,358.89,413.0,15,400.0,13.0
120508,0.33,413.3,15,400.0,13.3
120508,1.48,413.3,15,400.0,13.3
120648,358.22,413.3,15,400.0,13.3
120649,359.44,413.3,15,400.0,13.3
120649,0.72,413.5,15,400.0,13.5
120650,1.94,413.8,15,400.0,13.8
120790,358.89,413.0,15,400.0,13.0
120790,0.3,413.3,15,400.0,13.3
120791,1.67,413.5,15,400.0,13.5
120930,358.25,413.0,15,400.0,13.0
120931,359.8,413.3,15,400.0,13.3
120931,0.88,413.5,15,400.0,13.5
121072,359.25,413.3,15,400.0,13.3
121072,0.64,413.3,15,400.0,13.3
121212,358.05,413.3,15,400.0,13.3
121213,359.52,413.3,15,400.0,13.3
121213,0.67,413.3,15,400.0,13.3
121214,1.78,413.5,15,400.0,13.5
121354,358.08,413.3,15,400.0,13.3
121354,359.22,413.3,15,400.0,13.3
121355,0.59,413.3,15,400.0,13.3
121355,1.91,413.3,15,400.0,13.3
121495,358.09,413.3,15,400.0,13.3
121495,359.59,413.3,15,400.0,13.3
121496,0.88,413.3,15,400.0,13.3
121636,358.61,413.3,15,400.0,13.3
121637,0.03,413.3,15,400.0,13.3
121637,1.19,413.5,15,400.0,13.5
121777,358.8,413.3,15,400.0,13.3
121777,0.08,413.3,15,400.0,13.3
121778,1.25,413.5,15,400.0,13.5
121918,358.09,413.3,15,400.0,13.3
121918,359.14,413.3,15,400.0,13.3
121919,0.47,413.3,15,400.0,13.3
121919,1.91,413.5,15,400.0,13.5
122059,358.45,413.3,15,400.0,13.3
122059,359.48,413.3,15,400.0,13.3
122060,0.67,413.5,15,400.0,13.5
122200,358.08,413.3,15,400.0,13.3
122201,359.61,413.3,15,400.0,13.3
122201,0.62,413.3,15,400.0,13.3
122342,358.89,413.3,15,400.0,13.3
122343,0.53,413.3,15,400.0,13.3
36817,358.83,809.7,15,800.0,9.7
36818,0.05,808.7,15,800.0,8.7
36818,1.37,808.7,15,800.0,8.7
36958,359.02,809.5,15,800.0,9.5
36959,0.36,809.0,15,800.0,9.0
36959,1.59,809.0,15,800.0,9.0
37098,358.73,809.7,15,800.0,9.7
37099,0.05,808.5,15,800.0,8.5
37099,1.36,808.5,15,800.0,8.5
37239,358.59,809.2,15,800.0,9.2
37239,359.89,809.0,15,800.0,9.0
37240,1.14,808.7,15,800.0,8.7
37379,358.72,809.7,15,800.0,9.7
37379,0.08,808.5,15,800.0,8.5
37380,1.39,808.5,15,800.0,8.5
37519,358.72,809.7,15,800.0,9.7
37520,0.19,808.5,15,800.0,8.5
37520,1.37,808.5,15,800.0,8.5
37659,358.22,810.0,15,800.0,10.0
37660,359.52,809.0,15,800.0,9.0
37660,0.73,808.7,15,800.0,8.7
37800,359.14,809.0,15,800.0,9.0
37801,0.44,809.0,15,800.0,9.0
37801,1.64,808.5,15,800.0,8.5
37940,358.89,809.5,15,800.0,9.5
37941,0.17,808.5,15,800.0,8.5
37941,1.58,808.5,15,800.0,8.5
38081,359.03,809.5,15,800.0,9.5
38081,0.36,808.7,15,800.0,8.7
38082,1.56,809.0,15,800.0,9.0
38221,359.34,809.2,15,800.0,9.2
38221,0.64,809.0,15,800.0,9.0
38222,1.91,809.2,15,800.0,9.2
38361,358.7,810.0,15,800.0,10.0
38362,0.09,809.0,15,800.0,9.0
38362,1.33,809.0,15,800.0,9.0
38502,359.27,809.0,15,800.0,9.0
38502,0.47,809.0,15,800.0,9.0
38503,1.84,809.0,15,800.0,9.0
38642,358.08,810.5,15,800.0,10.5
38643,359.45,809.2,15,800.0,9.2
38643,0.66,809.0,15,800.0,9.0
38783,358.39,809.2,15,800.0,9.2
38783,359.8,807.7,15,800.0,7.7
38784,1.14,808.2,15,800.0,8.2
38923,358.2,809.7,15,800.0,9.7
38924,359.5,809.2,15,800.0,9.2
38924,0.95,809.0,15,800.0,9.0
39063,358.0,810.5,15,800.0,10.5
39064,359.41,809.2,15,800.0,9.2
39065,0.61,809.0,15,800.0,9.0
39204,358.97,809.5,15,800.0,9.5
39205,0.33,809.0,15,800.0,9.0
39205,1.67,809.0,15,800.0,9.0
39345,358.67,810.0,15,800.0,10.0
39345,0.02,809.2,15,800.0,9.2
39346,1.28,808.7,15,800.0,8.7
39485,358.36,809.2,15,800.0,9.2
39485,359.62,808.5,15,800.0,8.5
39486,0.86,809.0,15,800.0,9.0
39625,358.09,810.0,15,800.0,10.0
39626,359.55,809.0,15,800.0,9.0
39626,0.77,808.7,15,800.0,8.7
39765,358.23,810.2,15,800.0,10.2
39766,359.55,809.2,15,800.0,9.2
39766,0.86,808.7,15,800.0,8.7
39906,358.17,810.0,15,800.0,10.0
39906,359.47,809.0,15,800.0,9.0
39907,0.84,808.7,15,800.0,8.7
40046,358.77,810.0,15,800.0,10.0
40046,359.97,809.2,15,800.0,9.2
40047,1.25,808.7,15,800.0,8.7
40186,358.33,809.7,15,800.0,9.7
40187,359.56,809.2,15,800.0,9.2
40187,0.89,809.0,15,800.0,9.0
40327,358.78,809.7,15,800.0,9.7
40327,0.17,808.5,15,800.0,8.5
40328,1.47,808.7,15,800.0,8.7
40468,358.61,809.5,15,800.0,9.5
40468,0.02,809.2,15,800.0,9.2
40469,1.27,808.7,15,800.0,8.7
40608,358.31,809.5,15,800.0,9.5
40609,359.66,808.5,15,800.0,8.5
40609,0.89,809.0,15,800.0,9.0
40749,358.73,810.0,15,800.0,10.0
40750,0.02,809.2,15,800.0,9.2
40750,1.3,809.0,15,800.0,9.0
40889,358.28,809.0,15,800.0,9.0
40890,359.52,808.5,15,800.0,8.5
40890,0.95,809.0,15,800.0,9.0
41030,358.31,809.2,15,800.0,9.2
41030,359.66,808.7,15,800.0,8.7
41031,0.97,809.0,15,800.0,9.0
41170,358.31,809.7,15,800.0,9.7
41170,359.59,808.7,15,800.0,8.7
41171,0.91,809.0,15,800.0,9.0
41310,358.22,809.7,15,800.0,9.7
41311,359.47,809.0,15,800.0,9.0
41311,0.73,809.0,15,800.0,9.0
41450,358.08,810.2,15,800.0,10.2
41451,359.47,809.0,15,800.0,9.0
41451,0.75,809.0,15,800.0,9.0
41591,358.2,810.0,15,800.0,10.0
41591,359.44,809.0,15,800.0,9.0
41592,0.75,808.7,15,800.0,8.7
41731,358.39,809.7,15,800.0,9.7
41731,359.84,808.2,15,800.0,8.2
41732,1.14,808.0,15,800.0,8.0
41871,359.2,809.0,15,800.0,9.0
41872,0.47,809.5,15,800.0,9.5
41872,1.83,809.0,15,800.0,9.0
42011,358.47,809.2,15,800.0,9.2
42012,359.87,808.2,15,800.0,8.2
42012,1.16,808.0,15,800.0,8.0
42152,359.03,809.5,15,800.0,9.5
42153,0.34,809.0,15,800.0,9.0
42153,1.53,809.0,15,800.0,9.0
42293,359.28,809.2,15,800.0,9.2
42293,0.62,809.2,15,800.0,9.2
42294,1.94,809.2,15,800.0,9.2
42433,358.11,810.5,15,800.0,10.5
42434,359.36,809.2,15,800.0,9.2
42434,0.81,809.0,15,800.0,9.0
42574,358.61,809.0,15,800.0,9.0
42574,359.98,808.7,15,800.0,8.7
42575,1.17,808.5,15,800.0,8.5
42715,358.64,810.0,15,800.0,10.0
42715,0.05,809.0,15,800.0,9.0
42716,1.34,808.7,15,800.0,8.7
42855,358.06,810.5,15,800.0,10.5
42856,359.37,809.2,15,800.0,9.2
42856,0.78,809.0,15,800.0,9.0
42996,359.17,809.0,15,800.0,9.0
42996,0.47,808.7,15,800.0,8.7
42997,1.69,808.5,15,800.0,8.5
43136,358.14,810.0,15,800.0,10.0
43137,359.47,809.2,15,800.0,9.2
43137,0.89,808.7,15,800.0,8.7
43277,358.33,809.5,15,800.0,9.5
43277,359.62,808.7,15,800.0,8.7
43278,0.89,809.0,15,800.0,9.0
43418,359.05,809.5,15,800.0,9.5
43418,0.23,809.0,15,800.0,9.0
43419,1.64,809.0,15,800.0,9.0
43558,358.37,809.2,15,800.0,9.2
43558,359.59,808.7,15,800.0,8.7
43559,0.95,809.0,15,800.0,9.0
43698,358.17,810.5,15,800.0,10.5
43699,359.37,809.2,15,800.0,9.2
43699,0.72,809.0,15,800.0,9.0
43700,1.97,809.2,15,800.0,9.2
43839,358.25,809.5,15,800.0,9.5
43839,359.66,808.7,15,800.0,8.7
43840,0.97,809.0,15,800.0,9.0
43980,358.3,809.5,15,800.0,9.5
43980,359.55,808.7,15,800.0,8.7
43981,0.95,809.2,15,800.0,9.2
44120,358.16,810.7,15,800.0,10.7
44121,359.47,809.5,15,800.0,9.5
44121,0.72,809.0,15,800.0,9.0
44262,359.22,808.5,15,800.0,8.5
44262,0.52,809.0,15,800.0,9.0
44263,1.87,809.0,15,800.0,9.0
44402,358.27,810.2,15,800.0,10.2
44402,359.58,809.2,15,800.0,9.2
44403,0.77,808.7,15,800.0,8.7
44543,358.67,809.2,15,800.0,9.2
44543,0.02,808.7,15,800.0,8.7
44544,1.28,808.5,15,800.0,8.5
44683,359.23,808.5,15,800.0,8.5
44684,0.45,809.0,15,800.0,9.0
44684,1.86,809.0,15,800.0,9.0
44824,358.78,810.0,15,800.0,10.0
44824,0.02,809.0,15,800.0,9.0
44825,1.31,808.7,15,800.0,8.7
44964,359.2,809.0,15,800.0,9.0
44965,0.45,808.7,15,800.0,8.7
44966,1.78,808.5,15,800.0,8.5
45105,358.23,810.0,15,800.0,10.0
45105,359.53,809.0,15,800.0,9.0
45106,0.81,808.7,15,800.0,8.7
45246,358.87,809.5,15,800.0,9.5
45246,0.28,809.0,15,800.0,9.0
45247,1.59,809.0,15,800.0,9.0
45386,358.33,809.5,15,800.0,9.5
45386,359.7,808.7,15,800.0,8.7
45387,0.94,809.0,15,800.0,9.0
45526,358.19,810.2,15,800.0,10.2
45527,359.53,809.2,15,800.0,9.2
45527,0.7,809.0,15,800.0,9.0
45667,358.23,810.2,15,800.0,10.2
45667,359.48,809.0,15,800.0,9.0
45668,0.8,808.7,15,800.0,8.7
45808,358.55,809.0,15,800.0,9.0
45808,359.87,808.2,15,800.0,8.2
45809,1.17,808.0,15,800.0,8.0
45948,358.75,810.0,15,800.0,10.0
45949,0.05,809.0,15,800.0,9.0
45949,1.34,808.7,15,800.0,8.7
46089,358.78,810.0,15,800.0,10.0
32745,358.92,1203.7,15,1200.0,3.7
32745,0.3,1202.7,15,1200.0,2.7
32746,1.55,1203.5,15,1200.0,3.5
32885,359.12,1203.5,15,1200.0,3.5
32885,0.53,1202.5,15,1200.0,2.5
32886,1.84,1202.5,15,1200.0,2.5
33025,359.31,1202.7,15,1200.0,2.7
33026,0.61,1203.2,15,1200.0,3.2
33026,1.89,1204.2,15,1200.0,4.2
33165,358.08,1203.7,15,1200.0,3.7
33165,359.39,1203.0,15,1200.0,3.0
33166,0.72,1203.5,15,1200.0,3.5
33166,1.98,1204.2,15,1200.0,4.2
33305,358.45,1204.2,15,1200.0,4.2
33306,359.73,1204.2,15,1200.0,4.2
33306,1.09,1204.0,15,1200.0,4.0
33445,358.72,1205.2,15,1200.0,5.2
33446,0.09,1203.5,15,1200.0,3.5
33446,1.37,1203.5,15,1200.0,3.5
33586,359.11,1203.5,15,1200.0,3.5
33586,0.53,1202.5,15,1200.0,2.5
33587,1.78,1202.5,15,1200.0,2.5
33725,358.47,1204.0,15,1200.0,4.0
33726,359.73,1204.2,15,1200.0,4.2
33726,1.05,1203.7,15,1200.0,3.7
33866,358.64,1204.0,15,1200.0,4.0
33866,359.95,1203.7,15,1200.0,3.7
33867,1.27,1204.5,15,1200.0,4.5
34006,358.8,1204.7,15,1200.0,4.7
34006,0.08,1202.7,15,1200.0,2.7
34007,1.42,1203.7,15,1200.0,3.7
34146,359.3,1202.7,15,1200.0,2.7
34147,0.59,1203.5,15,1200.0,3.5
34147,1.98,1204.2,15,1200.0,4.2
34286,358.17,1203.5,15,1200.0,3.5
34286,359.5,1203.2,15,1200.0,3.2
34287,0.78,1204.5,15,1200.0,4.5
34426,358.02,1203.5,15,1200.0,3.5
34427,359.3,1202.7,15,1200.0,2.7
34427,0.64,1203.2,15,1200.0,3.2
34428,1.95,1204.2,15,1200.0,4.2
34567,358.98,1204.0,15,1200.0,4.0
34567,0.31,1202.7,15,1200.0,2.7
34568,1.55,1203.7,15,1200.0,3.7
34707,358.73,1205.0,15,1200.0,5.0
34708,0.11,1202.7,15,1200.0,2.7
34708,1.45,1203.7,15,1200.0,3.7
34847,358.64,1203.7,15,1200.0,3.7
34848,359.95,1203.5,15,1200.0,3.5
34848,1.25,1204.5,15,1200.0,4.5
34988,358.53,1204.0,15,1200.0,4.0
34988,359.8,1204.2,15,1200.0,4.2
34989,1.16,1204.7,15,1200.0,4.7
35128,358.59,1203.5,15,1200.0,3.5
35128,359.98,1203.5,15,1200.0,3.5
35129,1.2,1204.5,15,1200.0,4.5
35268,358.94,1204.0,15,1200.0,4.0
35269,0.17,1202.7,15,1200.0,2.7
35269,1.48,1203.5,15,1200.0,3.5
35408,359.19,1203.5,15,1200.0,3.5
35409,0.47,1202.5,15,1200.0,2.5
35409,1.81,1202.7,15,1200.0,2.7
35548,358.0,1203.5,15,1200.0,3.5
35549,359.33,1202.5,15,1200.0,2.5
35549,0.66,1203.2,15,1200.0,3.2
35689,359.31,1202.7,15,1200.0,2.7
35689,0.61,1203.2,15,1200.0,3.2
35690,1.89,1204.5,15,1200.0,4.5
35829,358.19,1203.5,15,1200.0,3.5
35829,359.55,1203.2,15,1200.0,3.2
35830,0.89,1204.5,15,1200.0,4.5
35969,358.87,1204.0,15,1200.0,4.0
35969,0.13,1203.0,15,1200.0,3.0
35970,1.52,1203.5,15,1200.0,3.5
36109,359.22,1202.7,15,1200.0,2.7
36110,0.56,1202.7,15,1200.0,2.7
36110,1.86,1203.7,15,1200.0,3.7
36249,358.45,1204.2,15,1200.0,4.2
36249,359.72,1204.2,15,1200.0,4.2
36250,1.11,1203.7,15,1200.0,3.7
36389,358.52,1203.7,15,1200.0,3.7
36390,359.83,1204.2,15,1200.0,4.2
36390,1.17,1205.0,15,1200.0,5.0
36529,358.47,1204.2,15,1200.0,4.2
36530,359.75,1204.2,15,1200.0,4.2
36531,1.06,1204.0,15,1200.0,4.0
36670,359.27,1202.7,15,1200.0,2.7
36671,0.55,1203.2,15,1200.0,3.2
36671,1.91,1204.2,15,1200.0,4.2
36811,358.59,1203.7,15,1200.0,3.7
36811,359.83,1204.0,15,1200.0,4.0
36812,1.17,1205.0,15,1200.0,5.0
36951,358.22,1203.2,15,1200.0,3.2
36951,359.53,1203.5,15,1200.0,3.5
36952,0.83,1204.7,15,1200.0,4.7
37091,358.33,1203.5,15,1200.0,3.5
37092,359.7,1203.2,15,1200.0,3.2
37092,0.92,1203.5,15,1200.0,3.5
37231,358.22,1203.2,15,1200.0,3.2
37232,359.55,1203.5,15,1200.0,3.5
37232,0.88,1204.5,15,1200.0,4.5
37372,358.48,1204.0,15,1200.0,4.0
37372,359.81,1204.0,15,1200.0,4.0
37373,1.09,1204.7,15,1200.0,4.7
37512,358.48,1204.0,15,1200.0,4.0
37512,359.75,1204.0,15,1200.0,4.0
37513,1.09,1204.2,15,1200.0,4.2
37652,358.2,1203.5,15,1200.0,3.5
37653,359.53,1203.5,15,1200.0,3.5
37653,0.77,1204.5,15,1200.0,4.5
37793,359.2,1203.0,15,1200.0,3.0
37793,0.53,1203.0,15,1200.0,3.0
37794,1.84,1203.0,15,1200.0,3.0
37933,358.87,1204.0,15,1200.0,4.0
37934,0.16,1202.7,15,1200.0,2.7
37934,1.45,1203.7,15,1200.0,3.7
38073,358.95,1204.0,15,1200.0,4.0
38074,0.31,1203.0,15,1200.0,3.0
38074,1.58,1203.7,15,1200.0,3.7
38214,358.75,1204.7,15,1200.0,4.7
38214,0.08,1202.7,15,1200.0,2.7
38215,1.44,1203.5,15,1200.0,3.5
38354,358.5,1203.7,15,1200.0,3.7
38354,359.86,1204.0,15,1200.0,4.0
38355,1.09,1204.2,15,1200.0,4.2
38494,358.31,1203.2,15,1200.0,3.2
38495,359.61,1203.2,15,1200.0,3.2
38495,0.92,1204.2,15,1200.0,4.2
38635,359.06,1203.5,15,1200.0,3.5
38635,0.37,1203.0,15,1200.0,3.0
38636,1.62,1203.7,15,1200.0,3.7
38775,358.83,1205.0,15,1200.0,5.0
38776,0.13,1202.7,15,1200.0,2.7
38776,1.42,1203.5,15,1200.0,3.5
38915,358.81,1205.0,15,1200.0,5.0
38916,0.08,1202.7,15,1200.0,2.7
38916,1.45,1203.5,15,1200.0,3.5
39056,358.91,1204.0,15,1200.0,4.0
39056,0.23,1203.0,15,1200.0,3.0
39057,1.53,1203.7,15,1200.0,3.7
39195,358.23,1203.7,15,1200.0,3.7
39196,359.5,1203.5,15,1200.0,3.5
39196,0.8,1204.2,15,1200.0,4.2
39336,358.48,1203.7,15,1200.0,3.7
39336,359.89,1204.0,15,1200.0,4.0
39337,1.2,1204.5,15,1200.0,4.5
39476,358.64,1203.7,15,1200.0,3.7
39476,359.89,1204.0,15,1200.0,4.0
39477,1.25,1204.7,15,1200.0,4.7
39616,358.19,1203.7,15,1200.0,3.7
39617,359.47,1203.2,15,1200.0,3.2
39617,0.78,1204.0,15,1200.0,4.0
39757,359.08,1203.5,15,1200.0,3.5
39757,0.39,1202.5,15,1200.0,2.5
39758,1.69,1202.7,15,1200.0,2.7
39897,358.09,1203.7,15,1200.0,3.7
39897,359.44,1202.7,15,1200.0,2.7
39898,0.72,1203.0,15,1200.0,3.0
40037,358.52,1203.5,15,1200.0,3.5
40037,359.87,1203.7,15,1200.0,3.7
40038,1.14,1204.7,15,1200.0,4.7
40177,358.8,1205.0,15,1200.0,5.0
40178,0.06,1202.7,15,1200.0,2.7
40178,1.39,1203.5,15,1200.0,3.5
40317,358.69,1204.7,15,1200.0,4.7
40318,359.94,1204.0,15,1200.0,4.0
40318,1.3,1204.7,15,1200.0,4.7
40458,358.34,1203.5,15,1200.0,3.5
40458,359.66,1203.2,15,1200.0,3.2
40459,0.95,1203.2,15,1200.0,3.2
40598,358.55,1203.5,15,1200.0,3.5
40598,359.81,1204.0,15,1200.0,4.0
40599,1.16,1204.7,15,1200.0,4.7
40738,359.17,1203.7,15,1200.0,3.7
40739,0.42,1202.5,15,1200.0,2.5
40739,1.73,1202.5,15,1200.0,2.5
40878,358.56,1203.5,15,1200.0,3.5
40878,359.86,1203.7,15,1200.0,3.7
40879,1.12,1204.7,15,1200.0,4.7
41018,358.05,1203.5,15,1200.0,3.5
41018,359.36,1202.5,15,1200.0,2.5
41019,0.77,1203.0,15,1200.0,3.0
41019,2.0,1204.0,15,1200.0,4.0
41158,358.45,1203.7,15,1200.0,3.7
41158,359.7,1204.0,15,1200.0,4.0
41159,1.03,1203.7,15,1200.0,3.7
41298,358.69,1204.7,15,1200.0,4.7
41299,0.02,1204.0,15,1200.0,4.0
41299,1.25,1204.7,15,1200.0,4.7
41438,358.81,1203.7,15,1200.0,3.7
41439,0.17,1202.5,15,1200.0,2.5
41439,1.45,1203.5,15,1200.0,3.5
41579,358.8,1204.5,15,1200.0,4.5
41579,0.09,1202.5,15,1200.0,2.5
41580,1.44,1203.5,15,1200.0,3.5
41719,359.09,1203.7,15,1200.0,3.7
41719,0.41,1202.5,15,1200.0,2.5
41720,1.73,1202.5,15,1200.0,2.5
41859,359.23,1202.7,15,1200.0,2.7
41860,0.47,1202.7,15,1200.0,2.7
28424,358.42,904.0,15,900.0,4.0
28424,359.86,904.0,15,900.0,4.0
28425,1.05,904.2,15,900.0,4.2
28564,358.08,904.2,15,900.0,4.2
28564,359.34,903.7,15,900.0,3.7
28565,0.61,904.0,15,900.0,4.0
28566,2.0,905.2,15,900.0,5.2
28705,358.67,904.2,15,900.0,4.2
28705,359.95,904.5,15,900.0,4.5
28706,1.34,905.0,15,900.0,5.0
28846,358.94,904.0,15,900.0,4.0
28846,0.33,903.7,15,900.0,3.7
28847,1.66,904.2,15,900.0,4.2
28986,358.3,904.0,15,900.0,4.0
28986,359.58,903.7,15,900.0,3.7
28987,0.84,904.0,15,900.0,4.0
29127,359.22,902.5,15,900.0,2.5
29127,0.52,903.5,15,900.0,3.5
29128,1.84,904.5,15,900.0,4.5
29267,359.23,902.5,15,900.0,2.5
29267,0.55,903.5,15,900.0,3.5
29268,1.78,904.5,15,900.0,4.5
29407,359.12,902.5,15,900.0,2.5
29408,0.44,903.7,15,900.0,3.7
29408,1.81,904.5,15,900.0,4.5
29547,358.91,904.0,15,900.0,4.0
29548,0.19,904.5,15,900.0,4.5
29548,1.53,904.7,15,900.0,4.7
29688,358.83,903.7,15,900.0,3.7
29688,0.14,904.2,15,900.0,4.2
29689,1.42,904.5,15,900.0,4.5
29828,359.11,902.7,15,900.0,2.7
29828,0.42,903.7,15,900.0,3.7
29829,1.69,904.2,15,900.0,4.2
29968,359.14,902.5,15,900.0,2.5
29969,0.53,903.7,15,900.0,3.7
29969,1.86,904.5,15,900.0,4.5
30108,358.14,904.0,15,900.0,4.0
30108,359.37,904.0,15,900.0,4.0
30109,0.78,904.5,15,900.0,4.5
30249,358.72,904.2,15,900.0,4.2
30249,0.09,904.5,15,900.0,4.5
30250,1.31,904.2,15,900.0,4.2
30389,359.12,902.5,15,900.0,2.5
30390,0.45,903.7,15,900.0,3.7
30390,1.78,904.7,15,900.0,4.7
30530,359.31,903.7,15,900.0,3.7
30531,0.59,904.0,15,900.0,4.0
30531,1.86,905.5,15,900.0,5.5
30671,359.23,903.7,15,900.0,3.7
30671,0.52,903.5,15,900.0,3.5
30672,1.94,905.0,15,900.0,5.0
30811,358.5,904.5,15,900.0,4.5
30812,359.72,904.2,15,900.0,4.2
30812,1.08,904.2,15,900.0,4.2
30952,359.27,903.5,15,900.0,3.5
30952,0.58,903.5,15,900.0,3.5
30953,1.87,904.5,15,900.0,4.5
31092,359.19,902.5,15,900.0,2.5
31093,0.47,903.5,15,900.0,3.5
31093,1.83,904.7,15,900.0,4.7
31232,359.02,902.7,15,900.0,2.7
31233,0.34,903.7,15,900.0,3.7
31233,1.67,904.5,15,900.0,4.5
31373,358.67,904.2,15,900.0,4.2
31373,359.89,904.5,15,900.0,4.5
31374,1.25,905.0,15,900.0,5.0
31513,358.37,904.5,15,900.0,4.5
31513,359.72,904.0,15,900.0,4.0
31514,0.91,904.0,15,900.0,4.0
31653,358.23,904.2,15,900.0,4.2
31654,359.59,904.0,15,900.0,4.0
31654,0.83,904.0,15,900.0,4.0
31793,358.11,904.0,15,900.0,4.0
31794,359.42,904.0,15,900.0,4.0
31794,0.64,904.5,15,900.0,4.5
31934,358.17,903.7,15,900.0,3.7
31934,359.47,904.0,15,900.0,4.0
31935,0.75,904.2,15,900.0,4.2
32074,358.89,903.7,15,900.0,3.7
32075,0.17,904.2,15,900.0,4.2
32075,1.55,904.5,15,900.0,4.5
32215,358.12,903.7,15,900.0,3.7
32215,359.42,904.0,15,900.0,4.0
32216,0.81,904.2,15,900.0,4.2
32355,358.31,904.7,15,900.0,4.7
32356,359.66,904.2,15,900.0,4.2
32357,0.91,904.0,15,900.0,4.0
32496,358.33,904.7,15,900.0,4.7
32497,359.7,904.5,15,900.0,4.5
32497,1.09,904.5,15,900.0,4.5
32637,358.94,903.7,15,900.0,3.7
32638,0.22,904.2,15,900.0,4.2
32638,1.53,904.5,15,900.0,4.5
32777,358.7,904.2,15,900.0,4.2
32778,359.95,904.5,15,900.0,4.5
32778,1.31,905.0,15,900.0,5.0
32918,358.09,904.0,15,900.0,4.0
32918,359.44,904.0,15,900.0,4.0
32919,0.77,904.7,15,900.0,4.7
32919,2.0,905.5,15,900.0,5.5
33058,359.12,902.7,15,900.0,2.7
33059,0.47,903.7,15,900.0,3.7
33059,1.78,904.5,15,900.0,4.5
33199,358.17,904.0,15,900.0,4.0
33199,359.56,903.7,15,900.0,3.7
33200,0.89,903.7,15,900.0,3.7
33339,358.83,903.7,15,900.0,3.7
33340,0.14,904.2,15,900.0,4.2
33340,1.52,904.5,15,900.0,4.5
33480,358.56,903.7,15,900.0,3.7
33480,359.91,904.0,15,900.0,4.0
33481,1.27,905.2,15,900.0,5.2
33620,358.34,904.7,15,900.0,4.7
33620,359.62,904.2,15,900.0,4.2
33621,1.0,904.2,15,900.0,4.2
33760,358.44,904.7,15,900.0,4.7
33761,359.73,904.2,15,900.0,4.2
33761,0.98,904.2,15,900.0,4.2
33901,358.95,903.7,15,900.0,3.7
33901,0.2,904.0,15,900.0,4.0
33902,1.58,904.2,15,900.0,4.2
34042,359.36,904.0,15,900.0,4.0
34042,0.72,904.5,15,900.0,4.5
34043,1.92,905.2,15,900.0,5.2
34182,358.55,903.7,15,900.0,3.7
34182,359.77,904.0,15,900.0,4.0
34183,1.17,904.2,15,900.0,4.2
34323,359.06,903.0,15,900.0,3.0
34323,0.44,903.7,15,900.0,3.7
34324,1.72,904.2,15,900.0,4.2
34463,358.73,904.2,15,900.0,4.2
34464,0.13,904.5,15,900.0,4.5
34464,1.41,904.2,15,900.0,4.2
34603,358.47,904.5,15,900.0,4.5
34604,359.8,904.2,15,900.0,4.2
34604,1.05,904.2,15,900.0,4.2
34743,358.44,904.2,15,900.0,4.2
34744,359.8,904.2,15,900.0,4.2
34744,1.12,904.2,15,900.0,4.2
34884,358.78,904.2,15,900.0,4.2
34884,0.03,904.5,15,900.0,4.5
34885,1.31,904.2,15,900.0,4.2
35024,358.3,904.0,15,900.0,4.0
35024,359.59,904.0,15,900.0,4.0
35025,0.88,904.0,15,900.0,4.0
35165,359.14,902.7,15,900.0,2.7
35165,0.56,903.5,15,900.0,3.5
35166,1.83,904.5,15,900.0,4.5
35305,359.17,903.2,15,900.0,3.2
35305,0.53,903.5,15,900.0,3.5
35306,1.86,904.5,15,900.0,4.5
35445,359.16,902.7,15,900.0,2.7
35446,0.34,903.7,15,900.0,3.7
35446,1.75,904.5,15,900.0,4.5
35585,359.23,903.5,15,900.0,3.5
35586,0.5,903.2,15,900.0,3.2
35587,1.92,904.5,15,900.0,4.5
35726,358.98,904.0,15,900.0,4.0
35726,0.23,904.0,15,900.0,4.0
35727,1.61,904.2,15,900.0,4.2
35866,358.52,903.7,15,900.0,3.7
35867,359.87,904.0,15,900.0,4.0
35867,1.2,905.0,15,900.0,5.0
36006,358.22,904.0,15,900.0,4.0
36007,359.64,903.7,15,900.0,3.7
36007,0.94,903.7,15,900.0,3.7
36147,359.3,903.2,15,900.0,3.2
36148,0.62,903.0,15,900.0,3.0
36148,1.95,904.5,15,900.0,4.5
36287,358.92,903.7,15,900.0,3.7
36288,0.36,903.7,15,900.0,3.7
36288,1.56,904.0,15,900.0,4.0
36428,358.72,904.2,15,900.0,4.2
36428,0.03,904.7,15,900.0,4.7
36429,1.44,904.7,15,900.0,4.7
36568,358.8,904.0,15,900.0,4.0
36568,0.13,904.7,15,900.0,4.7
36569,1.42,904.7,15,900.0,4.7
36708,358.86,903.7,15,900.0,3.7
36709,0.13,904.2,15,900.0,4.2
36709,1.47,904.5,15,900.0,4.5
36848,358.53,903.7,15,900.0,3.7
36849,359.87,904.0,15,900.0,4.0
36849,1.12,904.7,15,900.0,4.7
36989,359.3,903.7,15,900.0,3.7
36990,0.69,904.2,15,900.0,4.2
37129,359.0,903.2,15,900.0,3.2
37130,0.34,903.7,15,900.0,3.7
37130,1.72,904.2,15,900.0,4.2
37270,358.73,904.2,15,900.0,4.2
37270,0.06,904.2,15,900.0,4.2
37271,1.39,904.7,15,900.0,4.7
37410,358.75,903.5,15,900.0,3.5
37410,0.11,904.2,15,900.0,4.2
37411,1.39,904.5,15,900.0,4.5
37550,358.44,904.5,15,900.0,4.5
37551,359.77,904.2,15,900.0,4.2
37551,1.05,904.0,15,900.0,4.0
37691,359.33,903.5,15,900.0,3.5
75264,359.27,509.5,15,500.0,9.5
75265,0.67,509.8,15,500.0,9.8
75405,358.31,509.5,15,500.0,9.5
75406,359.64,509.3,15,500.0,9.3
75406,0.67,509.5,15,500.0,9.5
75546,358.37,509.5,15,500.0,9.5
75547,359.73,509.8,15,500.0,9.8
75548,0.89,509.5,15,500.0,9.5
75688,359.14,509.5,15,500.0,9.5
75688,0.56,509.5,15,500.0,9.5
75689,1.97,510.3,15,500.0,10.3
75829,358.73,510.0,15,500.0,10.0
75829,359.97,510.0,15,500.0,10.0
75830,1.42,510.3,15,500.0,10.3
75969,358.44,509.5,15,500.0,9.5
75970,359.8,509.8,15,500.0,9.8
75970,1.25,509.8,15,500.0,9.8
76110,358.67,509.5,15,500.0,9.5
76111,359.89,509.8,15,500.0,9.8
76111,1.23,509.8,15,500.0,9.8
76251,358.23,509.5,15,500.0,9.5
76251,359.37,509.3,15,500.0,9.3
76252,0.78,509.5,15,500.0,9.5
76392,359.27,509.3,15,500.0,9.3
76393,0.58,509.5,15,500.0,9.5
76393,1.72,510.3,15,500.0,10.3
76533,358.98,509.5,15,500.0,9.5
76533,0.14,509.5,15,500.0,9.5
76534,1.67,510.0,15,500.0,10.0
76674,358.97,509.5,15,500.0,9.5
76674,0.13,509.5,15,500.0,9.5
76675,1.64,510.0,15,500.0,10.0
76814,359.31,509.5,15,500.0,9.5
76815,0.48,509.5,15,500.0,9.5
76955,358.44,509.8,15,500.0,9.8
76956,359.66,509.8,15,500.0,9.8
76956,1.05,509.5,15,500.0,9.5
77096,358.86,510.0,15,500.0,10.0
77097,0.06,510.0,15,500.0,10.0
77098,1.25,510.3,15,500.0,10.3
77238,358.73,509.8,15,500.0,9.8
77238,0.14,509.8,15,500.0,9.8
77239,1.33,510.0,15,500.0,10.0
77379,358.72,509.5,15,500.0,9.5
77380,359.87,510.0,15,500.0,10.0
77380,1.37,510.0,15,500.0,10.0
77520,358.3,509.8,15,500.0,9.8
77521,359.56,509.8,15,500.0,9.8
77521,0.97,509.5,15,500.0,9.5
77662,358.66,509.5,15,500.0,9.5
77662,359.83,510.0,15,500.0,10.0
77663,1.3,510.0,15,500.0,10.0
77802,358.14,510.0,15,500.0,10.0
77803,359.39,509.5,15,500.0,9.5
77803,0.73,509.8,15,500.0,9.8
77944,358.95,509.5,15,500.0,9.5
77944,0.13,509.8,15,500.0,9.8
77945,1.55,510.0,15,500.0,10.0
78084,358.0,510.0,15,500.0,10.0
78085,359.47,509.5,15,500.0,9.5
78085,0.75,509.8,15,500.0,9.8
78086,1.83,510.3,15,500.0,10.3
78226,358.98,509.5,15,500.0,9.5
78226,0.37,509.8,15,500.0,9.8
78227,1.62,510.0,15,500.0,10.0
78366,358.91,509.5,15,500.0,9.5
78367,0.3,509.5,15,500.0,9.5
78368,1.58,510.0,15,500.0,10.0
78507,358.77,510.0,15,500.0,10.0
78508,0.13,509.8,15,500.0,9.8
78508,1.25,510.0,15,500.0,10.0
78648,359.16,509.5,15,500.0,9.5
78649,0.47,509.5,15,500.0,9.5
78649,1.58,510.3,15,500.0,10.3
78789,358.34,509.5,15,500.0,9.5
78789,359.66,509.8,15,500.0,9.8
78790,0.81,509.5,15,500.0,9.5
78930,358.77,509.5,15,500.0,9.5
78931,0.16,509.5,15,500.0,9.5
78931,1.53,510.3,15,500.0,10.3
79071,359.27,509.5,15,500.0,9.5
79072,0.66,509.5,15,500.0,9.5
79072,1.95,510.3,15,500.0,10.3
79212,358.33,509.8,15,500.0,9.8
79213,359.47,509.8,15,500.0,9.8
79213,0.94,509.5,15,500.0,9.5
79353,359.05,509.3,15,500.0,9.3
79354,0.22,509.5,15,500.0,9.5
79354,1.66,510.3,15,500.0,10.3
79494,358.83,510.0,15,500.0,10.0
79495,0.02,510.0,15,500.0,10.0
79495,1.25,510.0,15,500.0,10.0
79635,358.39,509.5,15,500.0,9.5
79635,359.83,509.8,15,500.0,9.8
79636,1.0,509.5,15,500.0,9.5
79776,358.28,509.5,15,500.0,9.5
79776,359.33,509.3,15,500.0,9.3
79777,0.78,509.8,15,500.0,9.8
79777,1.94,510.5,15,500.0,10.5
79917,358.53,509.5,15,500.0,9.5
79917,0.02,510.0,15,500.0,10.0
79918,1.33,510.0,15,500.0,10.0
80058,358.97,509.3,15,500.0,9.3
80059,0.5,509.5,15,500.0,9.5
80059,1.72,510.5,15,500.0,10.5
80199,359.0,509.5,15,500.0,9.5
80200,0.23,509.5,15,500.0,9.5
80200,1.67,510.3,15,500.0,10.3
80340,358.73,510.0,15,500.0,10.0
80340,0.13,510.0,15,500.0,10.0
80341,1.52,510.3,15,500.0,10.3
80481,358.95,509.5,15,500.0,9.5
80481,0.13,509.5,15,500.0,9.5
80482,1.48,510.0,15,500.0,10.0
80621,358.08,510.0,15,500.0,10.0
80622,359.17,509.5,15,500.0,9.5
80622,0.62,509.5,15,500.0,9.5
80623,1.89,510.3,15,500.0,10.3
80763,358.12,509.8,15,500.0,9.8
80763,359.62,509.8,15,500.0,9.8
80764,0.83,509.5,15,500.0,9.5
80904,358.52,509.5,15,500.0,9.5
80904,359.61,509.8,15,500.0,9.8
80905,1.05,509.5,15,500.0,9.5
81045,358.23,509.8,15,500.0,9.8
81046,359.31,509.3,15,500.0,9.3
81046,0.64,509.8,15,500.0,9.8
81047,1.98,510.5,15,500.0,10.5
81186,358.28,509.5,15,500.0,9.5
81187,359.64,509.8,15,500.0,9.8
81187,1.03,509.5,15,500.0,9.5
81328,358.84,509.5,15,500.0,9.5
81328,0.3,509.5,15,500.0,9.5
81329,1.55,510.3,15,500.0,10.3
81468,358.16,509.8,15,500.0,9.8
81469,359.47,509.3,15,500.0,9.3
81470,0.62,509.8,15,500.0,9.8
81470,1.91,510.5,15,500.0,10.5
81610,359.06,509.5,15,500.0,9.5
81610,0.33,509.5,15,500.0,9.5
81611,1.66,510.0,15,500.0,10.0
81751,359.58,509.3,15,500.0,9.3
81752,0.72,509.8,15,500.0,9.8
81752,1.87,510.5,15,500.0,10.5
81892,358.77,509.5,15,500.0,9.5
81892,359.81,510.0,15,500.0,10.0
81893,1.12,510.0,15,500.0,10.0
82033,359.14,509.3,15,500.0,9.3
82034,0.44,509.5,15,500.0,9.5
82034,1.89,510.5,15,500.0,10.5
82174,358.37,509.5,15,500.0,9.5
82174,359.67,509.8,15,500.0,9.8
82175,1.09,509.5,15,500.0,9.5
82315,358.22,509.8,15,500.0,9.8
82315,359.52,509.8,15,500.0,9.8
82316,0.89,509.5,15,500.0,9.5
82456,359.06,509.3,15,500.0,9.3
82456,0.52,509.5,15,500.0,9.5
82457,1.81,510.5,15,500.0,10.5
82597,358.41,509.5,15,500.0,9.5
82597,359.81,509.8,15,500.0,9.8
82598,1.09,510.0,15,500.0,10.0
82738,358.89,509.5,15,500.0,9.5
82738,0.34,509.5,15,500.0,9.5
82739,1.62,510.3,15,500.0,10.3
82879,359.34,509.5,15,500.0,9.5
82880,0.75,509.8,15,500.0,9.8
83020,358.86,510.0,15,500.0,10.0
83021,0.08,509.8,15,500.0,9.8
83021,1.39,510.0,15,500.0,10.0
83161,358.59,509.5,15,500.0,9.5
83161,359.86,509.8,15,500.0,9.8
83162,1.12,510.0,15,500.0,10.0
83302,358.31,509.8,15,500.0,9.8
83302,359.5,509.8,15,500.0,9.8
83303,0.83,509.5,15,500.0,9.5
83442,358.25,509.5,15,500.0,9.5
83443,359.47,509.5,15,500.0,9.5
83443,0.88,509.5,15,500.0,9.5
83584,359.08,509.3,15,500.0,9.3
83584,0.34,509.5,15,500.0,9.5
83585,1.84,510.5,15,500.0,10.5
83724,358.52,509.5,15,500.0,9.5
83725,359.75,509.8,15,500.0,9.8
83725,1.05,509.5,15,500.0,9.5
83866,359.28,509.3,15,500.0,9.3
83866,0.56,509.5,15,500.0,9.5
83867,1.77,510.5,15,500.0,10.5
84006,358.86,510.0,15,500.0,10.0
84007,359.95,510.0,15,500.0,10.0
84007,1.39,510.3,15,500.0,10.3
84147,358.52,509.5,15,500.0,9.5
84148,359.94,510.0,15,500.0,10.0
84148,1.27,510.0,15,500.0,10.0
84288,358.02,510.0,15,500.0,10.0
84288,359.36,509.5,15,500.0,9.5
84289,0.5,509.5,15,500.0,9.5
84290,1.83,510.5,15,500.0,10.5
84429,358.58,510.0,15,500.0,10.0
84430,359.92,510.0,15,500.0,10.0
